{
  "tag": "1gpu_weak_resnet152_fp16_192-222-53-152",
  "scaling_mode": "weak",
  "world_size": 1,
  "nodes": 1,
  "gpus_per_node": 8,
  "model": "resnet152",
  "batch_size_per_gpu": 128,
  "global_batch_size": 128,
  "image_size": 224,
  "precision": "fp16",
  "channels_last": true,
  "compile": false,
  "warmup_sec_target": 60.0,
  "warmup_sec_actual": 60.118428257999994,
  "warmup_steps": 146,
  "bench_sec_target": 300.0,
  "bench_sec_actual": 302.1911439969999,
  "bench_steps": 1188,
  "mean_step_sec": 0.2543650408771063,
  "stdev_step_sec": 0.0007498909613306095,
  "p50_step_sec": 0.254330993999929,
  "p95_step_sec": 0.25500748700005715,
  "p99_step_sec": 0.2553814959999272,
  "images_per_sec_per_gpu": 503.21380469040867,
  "images_per_sec_global": 503.21380469040867,
  "peak_mem_gb": {
    "min_gb": 11.700752258300781,
    "mean_gb": 11.700752258300781,
    "max_gb": 11.700752258300781,
    "spread_pct": 0.0
  },
  "straggler_ratio": 1.0,
  "slowest_rank": 0,
  "fastest_rank": 0,
  "gpu_sampling_rank0": {
    "n_samples": 276,
    "interval_sec": 1.0,
    "gpu_activity_pct": {
      "min": 63.0,
      "mean": 97.53623188405797,
      "max": 100.0
    },
    "mem_controller_pct": {
      "min": 49.0,
      "mean": 70.23550724637681,
      "max": 78.0
    },
    "mem_used_mb": {
      "min": 13698.0,
      "mean": 13698.0,
      "max": 13698.0
    },
    "power_w": {
      "min": 164.18,
      "mean": 273.06528985507265,
      "max": 300.34
    },
    "sm_clock_mhz": {
      "min": 1492.0,
      "mean": 1519.7210144927535,
      "max": 1530.0
    }
  },
  "per_rank": [
    {
      "rank": 0,
      "mean_step_sec": 0.2543650269508362,
      "stdev_step_sec": 0.0007498909835703671,
      "p50_step_sec": 0.25433099269866943,
      "p95_step_sec": 0.25500747561454773,
      "p99_step_sec": 0.2553814947605133,
      "images_per_sec": 503.21380615234375,
      "peak_mem_gb": 11.700752258300781,
      "n_steps": 1188,
      "gpu_sampling": {
        "n_samples": 276,
        "interval_sec": 1.0,
        "gpu_activity_pct": {
          "min": 63.0,
          "mean": 97.53623188405797,
          "max": 100.0
        },
        "mem_controller_pct": {
          "min": 49.0,
          "mean": 70.23550724637681,
          "max": 78.0
        },
        "mem_used_mb": {
          "min": 13698.0,
          "mean": 13698.0,
          "max": 13698.0
        },
        "power_w": {
          "min": 164.18,
          "mean": 273.06528985507265,
          "max": 300.34
        },
        "sm_clock_mhz": {
          "min": 1492.0,
          "mean": 1519.7210144927535,
          "max": 1530.0
        }
      }
    }
  ],
  "torch_version": "2.12.0+cu126",
  "cuda_version": "12.6",
  "device_name": "Tesla V100-SXM2-16GB",
  "device_capability": [
    7,
    0
  ],
  "nccl_topology": "\u001b[4mGPU0\tGPU1\tGPU2\tGPU3\tGPU4\tGPU5\tGPU6\tGPU7\tNIC0\tCPU Affinity\tNUMA Affinity\tGPU NUMA ID\u001b[0m\nGPU0\t X \tNV1\tNV1\tNV2\tNV2\tPHB\tPHB\tPHB\tPHB\t0-87\t0-1\t\tN/A\nGPU1\tNV1\t X \tNV2\tNV1\tPHB\tNV2\tPHB\tPHB\tPHB\t0-87\t0-1\t\tN/A\nGPU2\tNV1\tNV2\t X \tNV2\tPHB\tPHB\tNV1\tPHB\tPHB\t0-87\t0-1\t\tN/A\nGPU3\tNV2\tNV1\tNV2\t X \tPHB\tPHB\tPHB\tNV1\tPHB\t0-87\t0-1\t\tN/A\nGPU4\tNV2\tPHB\tPHB\tPHB\t X \tNV1\tNV1\tNV2\tPHB\t0-87\t0-1\t\tN/A\nGPU5\tPHB\tNV2\tPHB\tPHB\tNV1\t X \tNV2\tNV1\tPHB\t0-87\t0-1\t\tN/A\nGPU6\tPHB\tPHB\tNV1\tPHB\tNV1\tNV2\t X \tNV2\tPHB\t0-87\t0-1\t\tN/A\nGPU7\tPHB\tPHB\tPHB\tNV1\tNV2\tNV1\tNV2\t X \tPHB\t0-87\t0-1\t\tN/A\nNIC0\tPHB\tPHB\tPHB\tPHB\tPHB\tPHB\tPHB\tPHB\t X \t\t\t\t\n\nLegend:\n\n  X    = Self\n  SYS  = Connection traversing PCIe as well as the SMP interconnect between NUMA nodes (e.g., QPI/UPI)\n  NODE = Connection traversing PCIe as well as the interconnect between PCIe Host Bridges within a NUMA node\n  PHB  = Connection traversing PCIe as well as a PCIe Host Bridge (typically the CPU)\n  PXB  = Connection traversing multiple PCIe bridges (without traversing the PCIe Host Bridge)\n  PIX  = Connection traversing at most a single PCIe bridge\n  NV#  = Connection traversing a bonded set of # NVLinks\n\nNIC Legend:\n\n  NIC0: mlx5_0"
}