{
  "tag": "1gpu_strong_vit_b_16_fp16_192-222-53-152",
  "scaling_mode": "strong",
  "world_size": 1,
  "nodes": 1,
  "gpus_per_node": 8,
  "model": "vit_b_16",
  "batch_size_per_gpu": 64,
  "global_batch_size": 64,
  "image_size": 224,
  "precision": "fp16",
  "channels_last": false,
  "compile": false,
  "warmup_sec_target": 60.0,
  "warmup_sec_actual": 60.261763900000005,
  "warmup_steps": 337,
  "bench_sec_target": 300.0,
  "bench_sec_actual": 295.98825874500017,
  "bench_steps": 1695,
  "mean_step_sec": 0.17462066043891278,
  "stdev_step_sec": 0.002822392476598085,
  "p50_step_sec": 0.17320816600022226,
  "p95_step_sec": 0.1798302489996786,
  "p99_step_sec": 0.18106250599976192,
  "images_per_sec_per_gpu": 366.50875010514005,
  "images_per_sec_global": 366.50875010514005,
  "peak_mem_gb": {
    "min_gb": 5.55206298828125,
    "mean_gb": 5.55206298828125,
    "max_gb": 5.55206298828125,
    "spread_pct": 0.0
  },
  "straggler_ratio": 1.0,
  "slowest_rank": 0,
  "fastest_rank": 0,
  "gpu_sampling_rank0": {
    "n_samples": 269,
    "interval_sec": 1.0,
    "gpu_activity_pct": {
      "min": 47.0,
      "mean": 99.0817843866171,
      "max": 100.0
    },
    "mem_controller_pct": {
      "min": 33.0,
      "mean": 63.446096654275095,
      "max": 67.0
    },
    "mem_used_mb": {
      "min": 6928.0,
      "mean": 6928.0,
      "max": 6928.0
    },
    "power_w": {
      "min": 202.86,
      "mean": 255.84583643122699,
      "max": 320.6
    },
    "sm_clock_mhz": {
      "min": 1387.0,
      "mean": 1454.3308550185873,
      "max": 1522.0
    }
  },
  "per_rank": [
    {
      "rank": 0,
      "mean_step_sec": 0.17462065815925598,
      "stdev_step_sec": 0.002822392387315631,
      "p50_step_sec": 0.17320816218852997,
      "p95_step_sec": 0.17983025312423706,
      "p99_step_sec": 0.1810625046491623,
      "images_per_sec": 366.5087585449219,
      "peak_mem_gb": 5.55206298828125,
      "n_steps": 1695,
      "gpu_sampling": {
        "n_samples": 269,
        "interval_sec": 1.0,
        "gpu_activity_pct": {
          "min": 47.0,
          "mean": 99.0817843866171,
          "max": 100.0
        },
        "mem_controller_pct": {
          "min": 33.0,
          "mean": 63.446096654275095,
          "max": 67.0
        },
        "mem_used_mb": {
          "min": 6928.0,
          "mean": 6928.0,
          "max": 6928.0
        },
        "power_w": {
          "min": 202.86,
          "mean": 255.84583643122699,
          "max": 320.6
        },
        "sm_clock_mhz": {
          "min": 1387.0,
          "mean": 1454.3308550185873,
          "max": 1522.0
        }
      }
    }
  ],
  "torch_version": "2.12.0+cu126",
  "cuda_version": "12.6",
  "device_name": "Tesla V100-SXM2-16GB",
  "device_capability": [
    7,
    0
  ],
  "nccl_topology": "\u001b[4mGPU0\tGPU1\tGPU2\tGPU3\tGPU4\tGPU5\tGPU6\tGPU7\tNIC0\tCPU Affinity\tNUMA Affinity\tGPU NUMA ID\u001b[0m\nGPU0\t X \tNV1\tNV1\tNV2\tNV2\tPHB\tPHB\tPHB\tPHB\t0-87\t0-1\t\tN/A\nGPU1\tNV1\t X \tNV2\tNV1\tPHB\tNV2\tPHB\tPHB\tPHB\t0-87\t0-1\t\tN/A\nGPU2\tNV1\tNV2\t X \tNV2\tPHB\tPHB\tNV1\tPHB\tPHB\t0-87\t0-1\t\tN/A\nGPU3\tNV2\tNV1\tNV2\t X \tPHB\tPHB\tPHB\tNV1\tPHB\t0-87\t0-1\t\tN/A\nGPU4\tNV2\tPHB\tPHB\tPHB\t X \tNV1\tNV1\tNV2\tPHB\t0-87\t0-1\t\tN/A\nGPU5\tPHB\tNV2\tPHB\tPHB\tNV1\t X \tNV2\tNV1\tPHB\t0-87\t0-1\t\tN/A\nGPU6\tPHB\tPHB\tNV1\tPHB\tNV1\tNV2\t X \tNV2\tPHB\t0-87\t0-1\t\tN/A\nGPU7\tPHB\tPHB\tPHB\tNV1\tNV2\tNV1\tNV2\t X \tPHB\t0-87\t0-1\t\tN/A\nNIC0\tPHB\tPHB\tPHB\tPHB\tPHB\tPHB\tPHB\tPHB\t X \t\t\t\t\n\nLegend:\n\n  X    = Self\n  SYS  = Connection traversing PCIe as well as the SMP interconnect between NUMA nodes (e.g., QPI/UPI)\n  NODE = Connection traversing PCIe as well as the interconnect between PCIe Host Bridges within a NUMA node\n  PHB  = Connection traversing PCIe as well as a PCIe Host Bridge (typically the CPU)\n  PXB  = Connection traversing multiple PCIe bridges (without traversing the PCIe Host Bridge)\n  PIX  = Connection traversing at most a single PCIe bridge\n  NV#  = Connection traversing a bonded set of # NVLinks\n\nNIC Legend:\n\n  NIC0: mlx5_0"
}