{
  "tag": "1gpu_strong_vit_b_16_bf16_132-145-197-242",
  "scaling_mode": "strong",
  "world_size": 1,
  "nodes": 1,
  "gpus_per_node": 8,
  "model": "vit_b_16",
  "batch_size_per_gpu": 512,
  "global_batch_size": 512,
  "image_size": 224,
  "precision": "bf16",
  "channels_last": false,
  "compile": false,
  "warmup_sec_target": 60.0,
  "warmup_sec_actual": 60.00283326099998,
  "warmup_steps": 119,
  "bench_sec_target": 300.0,
  "bench_sec_actual": 290.88804970599995,
  "bench_steps": 603,
  "mean_step_sec": 0.482396063243787,
  "stdev_step_sec": 0.006211273490863412,
  "p50_step_sec": 0.47990649299936194,
  "p95_step_sec": 0.49845200900017517,
  "p99_step_sec": 0.4991881320001994,
  "images_per_sec_per_gpu": 1061.3685289161494,
  "images_per_sec_global": 1061.3685289161494,
  "peak_mem_gb": {
    "min_gb": 34.047611236572266,
    "mean_gb": 34.047611236572266,
    "max_gb": 34.047611236572266,
    "spread_pct": 0.0
  },
  "straggler_ratio": 1.0,
  "slowest_rank": 0,
  "fastest_rank": 0,
  "gpu_sampling_rank0": {
    "n_samples": 265,
    "interval_sec": 1.0,
    "gpu_activity_pct": {
      "min": 98.0,
      "mean": 99.99245283018868,
      "max": 100.0
    },
    "mem_controller_pct": {
      "min": 55.0,
      "mean": 62.698113207547166,
      "max": 67.0
    },
    "mem_used_mb": {
      "min": 37269.0,
      "mean": 37269.0,
      "max": 37269.0
    },
    "power_w": {
      "min": 112.26,
      "mean": 337.95716981132074,
      "max": 446.37
    },
    "sm_clock_mhz": {
      "min": 1305.0,
      "mean": 1398.7358490566037,
      "max": 1410.0
    }
  },
  "per_rank": [
    {
      "rank": 0,
      "mean_step_sec": 0.48239606618881226,
      "stdev_step_sec": 0.006211273372173309,
      "p50_step_sec": 0.47990649938583374,
      "p95_step_sec": 0.49845200777053833,
      "p99_step_sec": 0.4991881251335144,
      "images_per_sec": 1061.3685302734375,
      "peak_mem_gb": 34.047611236572266,
      "n_steps": 603,
      "gpu_sampling": {
        "n_samples": 265,
        "interval_sec": 1.0,
        "gpu_activity_pct": {
          "min": 98.0,
          "mean": 99.99245283018868,
          "max": 100.0
        },
        "mem_controller_pct": {
          "min": 55.0,
          "mean": 62.698113207547166,
          "max": 67.0
        },
        "mem_used_mb": {
          "min": 37269.0,
          "mean": 37269.0,
          "max": 37269.0
        },
        "power_w": {
          "min": 112.26,
          "mean": 337.95716981132074,
          "max": 446.37
        },
        "sm_clock_mhz": {
          "min": 1305.0,
          "mean": 1398.7358490566037,
          "max": 1410.0
        }
      }
    }
  ],
  "torch_version": "2.12.0+cu130",
  "cuda_version": "13.0",
  "device_name": "NVIDIA A100-SXM4-80GB",
  "device_capability": [
    8,
    0
  ],
  "nccl_topology": "\u001b[4mGPU0\tGPU1\tGPU2\tGPU3\tGPU4\tGPU5\tGPU6\tGPU7\tNIC0\tCPU Affinity\tNUMA Affinity\tGPU NUMA ID\u001b[0m\nGPU0\t X \tNV12\tNV12\tNV12\tNV12\tNV12\tNV12\tNV12\tPHB\t0-239\t0-1\t\tN/A\nGPU1\tNV12\t X \tNV12\tNV12\tNV12\tNV12\tNV12\tNV12\tPHB\t0-239\t0-1\t\tN/A\nGPU2\tNV12\tNV12\t X \tNV12\tNV12\tNV12\tNV12\tNV12\tPHB\t0-239\t0-1\t\tN/A\nGPU3\tNV12\tNV12\tNV12\t X \tNV12\tNV12\tNV12\tNV12\tPHB\t0-239\t0-1\t\tN/A\nGPU4\tNV12\tNV12\tNV12\tNV12\t X \tNV12\tNV12\tNV12\tPHB\t0-239\t0-1\t\tN/A\nGPU5\tNV12\tNV12\tNV12\tNV12\tNV12\t X \tNV12\tNV12\tPHB\t0-239\t0-1\t\tN/A\nGPU6\tNV12\tNV12\tNV12\tNV12\tNV12\tNV12\t X \tNV12\tPHB\t0-239\t0-1\t\tN/A\nGPU7\tNV12\tNV12\tNV12\tNV12\tNV12\tNV12\tNV12\t X \tPHB\t0-239\t0-1\t\tN/A\nNIC0\tPHB\tPHB\tPHB\tPHB\tPHB\tPHB\tPHB\tPHB\t X \t\t\t\t\n\nLegend:\n\n  X    = Self\n  SYS  = Connection traversing PCIe as well as the SMP interconnect between NUMA nodes (e.g., QPI/UPI)\n  NODE = Connection traversing PCIe as well as the interconnect between PCIe Host Bridges within a NUMA node\n  PHB  = Connection traversing PCIe as well as a PCIe Host Bridge (typically the CPU)\n  PXB  = Connection traversing multiple PCIe bridges (without traversing the PCIe Host Bridge)\n  PIX  = Connection traversing at most a single PCIe bridge\n  NV#  = Connection traversing a bonded set of # NVLinks\n\nNIC Legend:\n\n  NIC0: mlx5_0"
}