{
  "tag": "1gpu_weak_resnet152_fp16_132-145-197-242",
  "scaling_mode": "weak",
  "world_size": 1,
  "nodes": 1,
  "gpus_per_node": 8,
  "model": "resnet152",
  "batch_size_per_gpu": 512,
  "global_batch_size": 512,
  "image_size": 224,
  "precision": "fp16",
  "channels_last": true,
  "compile": false,
  "warmup_sec_target": 60.0,
  "warmup_sec_actual": 60.31003319599995,
  "warmup_steps": 122,
  "bench_sec_target": 600.0,
  "bench_sec_actual": 600.87581503,
  "bench_steps": 1396,
  "mean_step_sec": 0.43042386351647244,
  "stdev_step_sec": 0.0006955413001211678,
  "p50_step_sec": 0.4303395320000618,
  "p95_step_sec": 0.4314565909999146,
  "p99_step_sec": 0.4328205879999132,
  "images_per_sec_per_gpu": 1189.5251248782251,
  "images_per_sec_global": 1189.5251248782251,
  "peak_mem_gb": {
    "min_gb": 44.10879898071289,
    "mean_gb": 44.10879898071289,
    "max_gb": 44.10879898071289,
    "spread_pct": 0.0
  },
  "straggler_ratio": 1.0,
  "slowest_rank": 0,
  "fastest_rank": 0,
  "gpu_sampling_rank0": {
    "n_samples": 546,
    "interval_sec": 1.0,
    "gpu_activity_pct": {
      "min": 96.0,
      "mean": 98.55860805860806,
      "max": 100.0
    },
    "mem_controller_pct": {
      "min": 59.0,
      "mean": 68.83699633699634,
      "max": 79.0
    },
    "mem_used_mb": {
      "min": 48873.0,
      "mean": 48873.0,
      "max": 48873.0
    },
    "power_w": {
      "min": 104.77,
      "mean": 387.0821062271062,
      "max": 435.52
    },
    "sm_clock_mhz": {
      "min": 1365.0,
      "mean": 1388.6813186813188,
      "max": 1410.0
    }
  },
  "per_rank": [
    {
      "rank": 0,
      "mean_step_sec": 0.4304238557815552,
      "stdev_step_sec": 0.0006955413264222443,
      "p50_step_sec": 0.4303395450115204,
      "p95_step_sec": 0.431456595659256,
      "p99_step_sec": 0.432820588350296,
      "images_per_sec": 1189.525146484375,
      "peak_mem_gb": 44.10879898071289,
      "n_steps": 1396,
      "gpu_sampling": {
        "n_samples": 546,
        "interval_sec": 1.0,
        "gpu_activity_pct": {
          "min": 96.0,
          "mean": 98.55860805860806,
          "max": 100.0
        },
        "mem_controller_pct": {
          "min": 59.0,
          "mean": 68.83699633699634,
          "max": 79.0
        },
        "mem_used_mb": {
          "min": 48873.0,
          "mean": 48873.0,
          "max": 48873.0
        },
        "power_w": {
          "min": 104.77,
          "mean": 387.0821062271062,
          "max": 435.52
        },
        "sm_clock_mhz": {
          "min": 1365.0,
          "mean": 1388.6813186813188,
          "max": 1410.0
        }
      }
    }
  ],
  "torch_version": "2.12.0+cu130",
  "cuda_version": "13.0",
  "device_name": "NVIDIA A100-SXM4-80GB",
  "device_capability": [
    8,
    0
  ],
  "nccl_topology": "\u001b[4mGPU0\tGPU1\tGPU2\tGPU3\tGPU4\tGPU5\tGPU6\tGPU7\tNIC0\tCPU Affinity\tNUMA Affinity\tGPU NUMA ID\u001b[0m\nGPU0\t X \tNV12\tNV12\tNV12\tNV12\tNV12\tNV12\tNV12\tPHB\t0-239\t0-1\t\tN/A\nGPU1\tNV12\t X \tNV12\tNV12\tNV12\tNV12\tNV12\tNV12\tPHB\t0-239\t0-1\t\tN/A\nGPU2\tNV12\tNV12\t X \tNV12\tNV12\tNV12\tNV12\tNV12\tPHB\t0-239\t0-1\t\tN/A\nGPU3\tNV12\tNV12\tNV12\t X \tNV12\tNV12\tNV12\tNV12\tPHB\t0-239\t0-1\t\tN/A\nGPU4\tNV12\tNV12\tNV12\tNV12\t X \tNV12\tNV12\tNV12\tPHB\t0-239\t0-1\t\tN/A\nGPU5\tNV12\tNV12\tNV12\tNV12\tNV12\t X \tNV12\tNV12\tPHB\t0-239\t0-1\t\tN/A\nGPU6\tNV12\tNV12\tNV12\tNV12\tNV12\tNV12\t X \tNV12\tPHB\t0-239\t0-1\t\tN/A\nGPU7\tNV12\tNV12\tNV12\tNV12\tNV12\tNV12\tNV12\t X \tPHB\t0-239\t0-1\t\tN/A\nNIC0\tPHB\tPHB\tPHB\tPHB\tPHB\tPHB\tPHB\tPHB\t X \t\t\t\t\n\nLegend:\n\n  X    = Self\n  SYS  = Connection traversing PCIe as well as the SMP interconnect between NUMA nodes (e.g., QPI/UPI)\n  NODE = Connection traversing PCIe as well as the interconnect between PCIe Host Bridges within a NUMA node\n  PHB  = Connection traversing PCIe as well as a PCIe Host Bridge (typically the CPU)\n  PXB  = Connection traversing multiple PCIe bridges (without traversing the PCIe Host Bridge)\n  PIX  = Connection traversing at most a single PCIe bridge\n  NV#  = Connection traversing a bonded set of # NVLinks\n\nNIC Legend:\n\n  NIC0: mlx5_0"
}