{
  "tag": "1gpu_strong_vit_b_16_fp16_132-145-197-242",
  "scaling_mode": "strong",
  "world_size": 1,
  "nodes": 1,
  "gpus_per_node": 8,
  "model": "vit_b_16",
  "batch_size_per_gpu": 512,
  "global_batch_size": 512,
  "image_size": 224,
  "precision": "fp16",
  "channels_last": false,
  "compile": false,
  "warmup_sec_target": 60.0,
  "warmup_sec_actual": 59.91966401100035,
  "warmup_steps": 117,
  "bench_sec_target": 300.0,
  "bench_sec_actual": 297.7091041549993,
  "bench_steps": 593,
  "mean_step_sec": 0.5020352002883576,
  "stdev_step_sec": 0.0008670356747307997,
  "p50_step_sec": 0.5019515300009516,
  "p95_step_sec": 0.5036124519992882,
  "p99_step_sec": 0.5040403689999948,
  "images_per_sec_per_gpu": 1019.8488068285229,
  "images_per_sec_global": 1019.8488068285229,
  "peak_mem_gb": {
    "min_gb": 34.04761505126953,
    "mean_gb": 34.04761505126953,
    "max_gb": 34.04761505126953,
    "spread_pct": 0.0
  },
  "straggler_ratio": 1.0,
  "slowest_rank": 0,
  "fastest_rank": 0,
  "gpu_sampling_rank0": {
    "n_samples": 271,
    "interval_sec": 1.0,
    "gpu_activity_pct": {
      "min": 99.0,
      "mean": 99.97416974169742,
      "max": 100.0
    },
    "mem_controller_pct": {
      "min": 53.0,
      "mean": 60.715867158671585,
      "max": 67.0
    },
    "mem_used_mb": {
      "min": 37269.0,
      "mean": 37269.0,
      "max": 37269.0
    },
    "power_w": {
      "min": 255.63,
      "mean": 389.2108856088561,
      "max": 452.72
    },
    "sm_clock_mhz": {
      "min": 1275.0,
      "mean": 1330.2952029520295,
      "max": 1380.0
    }
  },
  "per_rank": [
    {
      "rank": 0,
      "mean_step_sec": 0.5020352005958557,
      "stdev_step_sec": 0.0008670356473885477,
      "p50_step_sec": 0.5019515156745911,
      "p95_step_sec": 0.5036124587059021,
      "p99_step_sec": 0.5040403604507446,
      "images_per_sec": 1019.8488159179688,
      "peak_mem_gb": 34.04761505126953,
      "n_steps": 593,
      "gpu_sampling": {
        "n_samples": 271,
        "interval_sec": 1.0,
        "gpu_activity_pct": {
          "min": 99.0,
          "mean": 99.97416974169742,
          "max": 100.0
        },
        "mem_controller_pct": {
          "min": 53.0,
          "mean": 60.715867158671585,
          "max": 67.0
        },
        "mem_used_mb": {
          "min": 37269.0,
          "mean": 37269.0,
          "max": 37269.0
        },
        "power_w": {
          "min": 255.63,
          "mean": 389.2108856088561,
          "max": 452.72
        },
        "sm_clock_mhz": {
          "min": 1275.0,
          "mean": 1330.2952029520295,
          "max": 1380.0
        }
      }
    }
  ],
  "torch_version": "2.12.0+cu130",
  "cuda_version": "13.0",
  "device_name": "NVIDIA A100-SXM4-80GB",
  "device_capability": [
    8,
    0
  ],
  "nccl_topology": "\u001b[4mGPU0\tGPU1\tGPU2\tGPU3\tGPU4\tGPU5\tGPU6\tGPU7\tNIC0\tCPU Affinity\tNUMA Affinity\tGPU NUMA ID\u001b[0m\nGPU0\t X \tNV12\tNV12\tNV12\tNV12\tNV12\tNV12\tNV12\tPHB\t0-239\t0-1\t\tN/A\nGPU1\tNV12\t X \tNV12\tNV12\tNV12\tNV12\tNV12\tNV12\tPHB\t0-239\t0-1\t\tN/A\nGPU2\tNV12\tNV12\t X \tNV12\tNV12\tNV12\tNV12\tNV12\tPHB\t0-239\t0-1\t\tN/A\nGPU3\tNV12\tNV12\tNV12\t X \tNV12\tNV12\tNV12\tNV12\tPHB\t0-239\t0-1\t\tN/A\nGPU4\tNV12\tNV12\tNV12\tNV12\t X \tNV12\tNV12\tNV12\tPHB\t0-239\t0-1\t\tN/A\nGPU5\tNV12\tNV12\tNV12\tNV12\tNV12\t X \tNV12\tNV12\tPHB\t0-239\t0-1\t\tN/A\nGPU6\tNV12\tNV12\tNV12\tNV12\tNV12\tNV12\t X \tNV12\tPHB\t0-239\t0-1\t\tN/A\nGPU7\tNV12\tNV12\tNV12\tNV12\tNV12\tNV12\tNV12\t X \tPHB\t0-239\t0-1\t\tN/A\nNIC0\tPHB\tPHB\tPHB\tPHB\tPHB\tPHB\tPHB\tPHB\t X \t\t\t\t\n\nLegend:\n\n  X    = Self\n  SYS  = Connection traversing PCIe as well as the SMP interconnect between NUMA nodes (e.g., QPI/UPI)\n  NODE = Connection traversing PCIe as well as the interconnect between PCIe Host Bridges within a NUMA node\n  PHB  = Connection traversing PCIe as well as a PCIe Host Bridge (typically the CPU)\n  PXB  = Connection traversing multiple PCIe bridges (without traversing the PCIe Host Bridge)\n  PIX  = Connection traversing at most a single PCIe bridge\n  NV#  = Connection traversing a bonded set of # NVLinks\n\nNIC Legend:\n\n  NIC0: mlx5_0"
}