{
  "tag": "1gpu_weak_resnet152_bf16_132-145-197-242",
  "scaling_mode": "weak",
  "world_size": 1,
  "nodes": 1,
  "gpus_per_node": 8,
  "model": "resnet152",
  "batch_size_per_gpu": 512,
  "global_batch_size": 512,
  "image_size": 224,
  "precision": "bf16",
  "channels_last": true,
  "compile": false,
  "warmup_sec_target": 60.0,
  "warmup_sec_actual": 60.083072106000145,
  "warmup_steps": 106,
  "bench_sec_target": 600.0,
  "bench_sec_actual": 607.9915113140005,
  "bench_steps": 1202,
  "mean_step_sec": 0.5058130031331087,
  "stdev_step_sec": 0.0005178254347102123,
  "p50_step_sec": 0.505780302999483,
  "p95_step_sec": 0.5066793989999496,
  "p99_step_sec": 0.5072766109997247,
  "images_per_sec_per_gpu": 1012.2317869026058,
  "images_per_sec_global": 1012.2317869026058,
  "peak_mem_gb": {
    "min_gb": 44.107765197753906,
    "mean_gb": 44.107765197753906,
    "max_gb": 44.107765197753906,
    "spread_pct": 0.0
  },
  "straggler_ratio": 1.0,
  "slowest_rank": 0,
  "fastest_rank": 0,
  "gpu_sampling_rank0": {
    "n_samples": 552,
    "interval_sec": 1.0,
    "gpu_activity_pct": {
      "min": 97.0,
      "mean": 99.18478260869566,
      "max": 100.0
    },
    "mem_controller_pct": {
      "min": 57.0,
      "mean": 64.71195652173913,
      "max": 74.0
    },
    "mem_used_mb": {
      "min": 48979.0,
      "mean": 48979.0,
      "max": 48979.0
    },
    "power_w": {
      "min": 111.01,
      "mean": 384.6289855072464,
      "max": 447.2
    },
    "sm_clock_mhz": {
      "min": 1320.0,
      "mean": 1374.0760869565217,
      "max": 1410.0
    }
  },
  "per_rank": [
    {
      "rank": 0,
      "mean_step_sec": 0.5058130025863647,
      "stdev_step_sec": 0.0005178254214115441,
      "p50_step_sec": 0.5057802796363831,
      "p95_step_sec": 0.5066794157028198,
      "p99_step_sec": 0.5072765946388245,
      "images_per_sec": 1012.2318115234375,
      "peak_mem_gb": 44.107765197753906,
      "n_steps": 1202,
      "gpu_sampling": {
        "n_samples": 552,
        "interval_sec": 1.0,
        "gpu_activity_pct": {
          "min": 97.0,
          "mean": 99.18478260869566,
          "max": 100.0
        },
        "mem_controller_pct": {
          "min": 57.0,
          "mean": 64.71195652173913,
          "max": 74.0
        },
        "mem_used_mb": {
          "min": 48979.0,
          "mean": 48979.0,
          "max": 48979.0
        },
        "power_w": {
          "min": 111.01,
          "mean": 384.6289855072464,
          "max": 447.2
        },
        "sm_clock_mhz": {
          "min": 1320.0,
          "mean": 1374.0760869565217,
          "max": 1410.0
        }
      }
    }
  ],
  "torch_version": "2.12.0+cu130",
  "cuda_version": "13.0",
  "device_name": "NVIDIA A100-SXM4-80GB",
  "device_capability": [
    8,
    0
  ],
  "nccl_topology": "\u001b[4mGPU0\tGPU1\tGPU2\tGPU3\tGPU4\tGPU5\tGPU6\tGPU7\tNIC0\tCPU Affinity\tNUMA Affinity\tGPU NUMA ID\u001b[0m\nGPU0\t X \tNV12\tNV12\tNV12\tNV12\tNV12\tNV12\tNV12\tPHB\t0-239\t0-1\t\tN/A\nGPU1\tNV12\t X \tNV12\tNV12\tNV12\tNV12\tNV12\tNV12\tPHB\t0-239\t0-1\t\tN/A\nGPU2\tNV12\tNV12\t X \tNV12\tNV12\tNV12\tNV12\tNV12\tPHB\t0-239\t0-1\t\tN/A\nGPU3\tNV12\tNV12\tNV12\t X \tNV12\tNV12\tNV12\tNV12\tPHB\t0-239\t0-1\t\tN/A\nGPU4\tNV12\tNV12\tNV12\tNV12\t X \tNV12\tNV12\tNV12\tPHB\t0-239\t0-1\t\tN/A\nGPU5\tNV12\tNV12\tNV12\tNV12\tNV12\t X \tNV12\tNV12\tPHB\t0-239\t0-1\t\tN/A\nGPU6\tNV12\tNV12\tNV12\tNV12\tNV12\tNV12\t X \tNV12\tPHB\t0-239\t0-1\t\tN/A\nGPU7\tNV12\tNV12\tNV12\tNV12\tNV12\tNV12\tNV12\t X \tPHB\t0-239\t0-1\t\tN/A\nNIC0\tPHB\tPHB\tPHB\tPHB\tPHB\tPHB\tPHB\tPHB\t X \t\t\t\t\n\nLegend:\n\n  X    = Self\n  SYS  = Connection traversing PCIe as well as the SMP interconnect between NUMA nodes (e.g., QPI/UPI)\n  NODE = Connection traversing PCIe as well as the interconnect between PCIe Host Bridges within a NUMA node\n  PHB  = Connection traversing PCIe as well as a PCIe Host Bridge (typically the CPU)\n  PXB  = Connection traversing multiple PCIe bridges (without traversing the PCIe Host Bridge)\n  PIX  = Connection traversing at most a single PCIe bridge\n  NV#  = Connection traversing a bonded set of # NVLinks\n\nNIC Legend:\n\n  NIC0: mlx5_0"
}